"first_name","last_name","company_name","address","city","county","state","zip","phone1","phone2","email","web"
"James","Butt","Benton, John B Jr","6649 N Blue Gum St","New Orleans","Orleans","LA",70116,"504-621-8927","504-845-1427","jbutt@gmail.com","http://www.bentonjohnbjr.com"
"Josephine","Darakjy","Chanay, Jeffrey A Esq","4 B Blue Ridge Blvd","Brighton","Livingston","MI",48116,"810-292-9388","810-374-9840","josephine_darakjy@darakjy.org","http://www.chanayjeffreyaesq.com"
"Art","Venere","Chemel, James L Cpa","8 W Cerritos Ave #54","Bridgeport","Gloucester","NJ","08014","856-636-8749","856-264-4130","art@venere.org","http://www.chemeljameslcpa.com"
"Lenna","Paprocki","Feltz Printing Service","639 Main St","Anchorage","Anchorage","AK",99501,"907-385-4412","907-921-2010","lpaprocki@hotmail.com","http://www.feltzprintingservice.com"
"Donette","Foller","Printing Dimensions","34 Center St","Hamilton","Butler","OH",45011,"513-570-1893","513-549-4561","donette.foller@cox.net","http://www.printingdimensions.com"
"Simona","Morasca","Chapman, Ross E Esq","3 Mcauley Dr","Ashland","Ashland","OH",44805,"419-503-2484","419-800-6759","simona@morasca.com","http://www.chapmanrosseesq.com"
"Mitsue","Tollner","Morlong Associates","7 Eads St","Chicago","Cook","IL",60632,"773-573-6914","773-924-8565","mitsue_tollner@yahoo.com","http://www.morlongassociates.com"
"Leota","Dilliard","Commercial Press","7 W Jackson Blvd","San Jose","Santa Clara","CA",95111,"408-752-3500","408-813-1105","leota@hotmail.com","http://www.commercialpress.com"
"Sage","Wieser","Truhlar And Truhlar Attys","5 Boston Ave #88","Sioux Falls","Minnehaha","SD",57105,"605-414-2147","605-794-4895","sage_wieser@cox.net","http://www.truhlarandtruhlarattys.com"
"Kris","Marrier","King, Christopher A Esq","228 Runamuck Pl #2808","Baltimore","Baltimore City","MD",21224,"410-655-8723","410-804-4694","kris@gmail.com","http://www.kingchristopheraesq.com"
"Minna","Amigon","Dorl, James J Esq","2371 Jerrold Ave","Kulpsville","Montgomery","PA",19443,"215-874-1229","215-422-8694","minna_amigon@yahoo.com","http://www.dorljamesjesq.com"
"Abel","Maclead","Rangoni Of Florence","37275 St  Rt 17m M","Middle Island","Suffolk","NY",11953,"631-335-3414","631-677-3675","amaclead@gmail.com","http://www.rangoniofflorence.com"
"Kiley","Caldarera","Feiner Bros","25 E 75th St #69","Los Angeles","Los Angeles","CA",90034,"310-498-5651","310-254-3084","kiley.caldarera@aol.com","http://www.feinerbros.com"
"Graciela","Ruta","Buckley Miller & Wright","98 Connecticut Ave Nw","Chagrin Falls","Geauga","OH",44023,"440-780-8425","440-579-7763","gruta@cox.net","http://www.buckleymillerwright.com"
"Cammy","Albares","Rousseaux, Michael Esq","56 E Morehead St","Laredo","Webb","TX",78045,"956-537-6195","956-841-7216","calbares@gmail.com","http://www.rousseauxmichaelesq.com"
"Mattie","Poquette","Century Communications","73 State Road 434 E","Phoenix","Maricopa","AZ",85013,"602-277-4385","602-953-6360","mattie@aol.com","http://www.centurycommunications.com"
"Meaghan","Garufi","Bolton, Wilbur Esq","69734 E Carrillo St","Mc Minnville","Warren","TN",37110,"931-313-9635","931-235-7959","meaghan@hotmail.com","http://www.boltonwilburesq.com"
"Gladys","Rim","T M Byxbee Company Pc","322 New Horizon Blvd","Milwaukee","Milwaukee","WI",53207,"414-661-9598","414-377-2880","gladys.rim@rim.org","http://www.tmbyxbeecompanypc.com"
"Yuki","Whobrey","Farmers Insurance Group","1 State Route 27","Taylor","Wayne","MI",48180,"313-288-7937","313-341-4470","yuki_whobrey@aol.com","http://www.farmersinsurancegroup.com"
"Fletcher","Flosi","Post Box Services Plus","394 Manchester Blvd","Rockford","Winnebago","IL",61109,"815-828-2147","815-426-5657","fletcher.flosi@yahoo.com","http://www.postboxservicesplus.com"
"Bette","Nicka","Sport En Art","6 S 33rd St","Aston","Delaware","PA",19014,"610-545-3615","610-492-4643","bette_nicka@cox.net","http://www.sportenart.com"
"Veronika","Inouye","C 4 Network Inc","6 Greenleaf Ave","San Jose","Santa Clara","CA",95111,"408-540-1785","408-813-4592","vinouye@aol.com","http://www.cnetworkinc.com"
"Willard","Kolmetz","Ingalls, Donald R Esq","618 W Yakima Ave","Irving","Dallas","TX",75062,"972-303-9197","972-896-4882","willard@hotmail.com","http://www.ingallsdonaldresq.com"
"Maryann","Royster","Franklin, Peter L Esq","74 S Westgate St","Albany","Albany","NY",12204,"518-966-7987","518-448-8982","mroyster@royster.com","http://www.franklinpeterlesq.com"
"Alisha","Slusarski","Wtlz Power 107 Fm","3273 State St","Middlesex","Middlesex","NJ","08846","732-658-3154","732-635-3453","alisha@slusarski.com","http://www.wtlzpowerfm.com"
"Allene","Iturbide","Ledecky, David Esq","1 Central Ave","Stevens Point","Portage","WI",54481,"715-662-6764","715-530-9863","allene_iturbide@cox.net","http://www.ledeckydavidesq.com"
"Chanel","Caudy","Professional Image Inc","86 Nw 66th St #8673","Shawnee","Johnson","KS",66218,"913-388-2079","913-899-1103","chanel.caudy@caudy.org","http://www.professionalimageinc.com"
"Ezekiel","Chui","Sider, Donald C Esq","2 Cedar Ave #84","Easton","Talbot","MD",21601,"410-669-1642","410-235-8738","ezekiel@chui.com","http://www.siderdonaldcesq.com"
"Willow","Kusko","U Pull It","90991 Thorburn Ave","New York","New York","NY",10011,"212-582-4976","212-934-5167","wkusko@yahoo.com","http://www.upullit.com"
"Bernardo","Figeroa","Clark, Richard Cpa","386 9th Ave N","Conroe","Montgomery","TX",77301,"936-336-3951","936-597-3614","bfigeroa@aol.com","http://www.clarkrichardcpa.com"
"Ammie","Corrio","Moskowitz, Barry S","74874 Atlantic Ave","Columbus","Franklin","OH",43215,"614-801-9788","614-648-3265","ammie@corrio.com","http://www.moskowitzbarrys.com"
"Francine","Vocelka","Cascade Realty Advisors Inc","366 South Dr","Las Cruces","Dona Ana","NM",88011,"505-977-3911","505-335-5293","francine_vocelka@vocelka.com","http://www.cascaderealtyadvisorsinc.com"
"Ernie","Stenseth","Knwz Newsradio","45 E Liberty St","Ridgefield Park","Bergen","NJ","07660","201-709-6245","201-387-9093","ernie_stenseth@aol.com","http://www.knwznewsradio.com"
"Albina","Glick","Giampetro, Anthony D","4 Ralph Ct","Dunellen","Middlesex","NJ","08812","732-924-7882","732-782-6701","albina@glick.com","http://www.giampetroanthonyd.com"
"Alishia","Sergi","Milford Enterprises Inc","2742 Distribution Way","New York","New York","NY",10025,"212-860-1579","212-753-2740","asergi@gmail.com","http://www.milfordenterprisesinc.com"
"Solange","Shinko","Mosocco, Ronald A","426 Wolf St","Metairie","Jefferson","LA",70002,"504-979-9175","504-265-8174","solange@shinko.com","http://www.mosoccoronalda.com"
"Jose","Stockham","Tri State Refueler Co","128 Bransten Rd","New York","New York","NY",10011,"212-675-8570","212-569-4233","jose@yahoo.com","http://www.tristaterefuelerco.com"
"Rozella","Ostrosky","Parkway Company","17 Morena Blvd","Camarillo","Ventura","CA",93012,"805-832-6163","805-609-1531","rozella.ostrosky@ostrosky.com","http://www.parkwaycompany.com"
"Valentine","Gillian","Fbs Business Finance","775 W 17th St","San Antonio","Bexar","TX",78204,"210-812-9597","210-300-6244","valentine_gillian@gmail.com","http://www.fbsbusinessfinance.com"
"Kati","Rulapaugh","Eder Assocs Consltng Engrs Pc","6980 Dorsett Rd","Abilene","Dickinson","KS",67410,"785-463-7829","785-219-7724","kati.rulapaugh@hotmail.com","http://www.ederassocsconsltngengrspc.com"
"Youlanda","Schemmer","Tri M Tool Inc","2881 Lewis Rd","Prineville","Crook","OR",97754,"541-548-8197","541-993-2611","youlanda@aol.com","http://www.trimtoolinc.com"
"Dyan","Oldroyd","International Eyelets Inc","7219 Woodfield Rd","Overland Park","Johnson","KS",66204,"913-413-4604","913-645-8918","doldroyd@aol.com","http://www.internationaleyeletsinc.com"
"Roxane","Campain","Rapid Trading Intl","1048 Main St","Fairbanks","Fairbanks North Star","AK",99708,"907-231-4722","907-335-6568","roxane@hotmail.com","http://www.rapidtradingintl.com"
"Lavera","Perin","Abc Enterprises Inc","678 3rd Ave","Miami","Miami-Dade","FL",33196,"305-606-7291","305-995-2078","lperin@perin.org","http://www.abcenterprisesinc.com"
"Erick","Ferencz","Cindy Turner Associates","20 S Babcock St","Fairbanks","Fairbanks North Star","AK",99712,"907-741-1044","907-227-6777","erick.ferencz@aol.com","http://www.cindyturnerassociates.com"
"Fatima","Saylors","Stanton, James D Esq","2 Lighthouse Ave","Hopkins","Hennepin","MN",55343,"952-768-2416","952-479-2375","fsaylors@saylors.org","http://www.stantonjamesdesq.com"
"Jina","Briddick","Grace Pastries Inc","38938 Park Blvd","Boston","Suffolk","MA","02128","617-399-5124","617-997-5771","jina_briddick@briddick.com","http://www.gracepastriesinc.com"
"Kanisha","Waycott","Schroer, Gene E Esq","5 Tomahawk Dr","Los Angeles","Los Angeles","CA",90006,"323-453-2780","323-315-7314","kanisha_waycott@yahoo.com","http://www.schroergeneeesq.com"
"Emerson","Bowley","Knights Inn","762 S Main St","Madison","Dane","WI",53711,"608-336-7444","608-658-7940","emerson.bowley@bowley.org","http://www.knightsinn.com"
"Blair","Malet","Bollinger Mach Shp & Shipyard","209 Decker Dr","Philadelphia","Philadelphia","PA",19132,"215-907-9111","215-794-4519","bmalet@yahoo.com","http://www.bollingermachshpshipyard.com"
"Brock","Bolognia","Orinda News","4486 W O St #1","New York","New York","NY",10003,"212-402-9216","212-617-5063","bbolognia@yahoo.com","http://www.orindanews.com"
"Lorrie","Nestle","Ballard Spahr Andrews","39 S 7th St","Tullahoma","Coffee","TN",37388,"931-875-6644","931-303-6041","lnestle@hotmail.com","http://www.ballardspahrandrews.com"
"Sabra","Uyetake","Lowy Limousine Service","98839 Hawthorne Blvd #6101","Columbia","Richland","SC",29201,"803-925-5213","803-681-3678","sabra@uyetake.org","http://www.lowylimousineservice.com"
"Marjory","Mastella","Vicon Corporation","71 San Mateo Ave","Wayne","Delaware","PA",19087,"610-814-5533","610-379-7125","mmastella@mastella.com","http://www.viconcorporation.com"
"Karl","Klonowski","Rossi, Michael M","76 Brooks St #9","Flemington","Hunterdon","NJ","08822","908-877-6135","908-470-4661","karl_klonowski@yahoo.com","http://www.rossimichaelm.com"
"Tonette","Wenner","Northwest Publishing","4545 Courthouse Rd","Westbury","Nassau","NY",11590,"516-968-6051","516-333-4861","twenner@aol.com","http://www.northwestpublishing.com"
"Amber","Monarrez","Branford Wire & Mfg Co","14288 Foster Ave #4121","Jenkintown","Montgomery","PA",19046,"215-934-8655","215-329-6386","amber_monarrez@monarrez.org","http://www.branfordwiremfgco.com"
"Shenika","Seewald","East Coast Marketing","4 Otis St","Van Nuys","Los Angeles","CA",91405,"818-423-4007","818-749-8650","shenika@gmail.com","http://www.eastcoastmarketing.com"
"Delmy","Ahle","Wye Technologies Inc","65895 S 16th St","Providence","Providence","RI","02909","401-458-2547","401-559-8961","delmy.ahle@hotmail.com","http://www.wyetechnologiesinc.com"
"Deeanna","Juhas","Healy, George W Iv","14302 Pennsylvania Ave","Huntingdon Valley","Montgomery","PA",19006,"215-211-9589","215-417-9563","deeanna_juhas@gmail.com","http://www.healygeorgewiv.com"
"Blondell","Pugh","Alpenlite Inc","201 Hawk Ct","Providence","Providence","RI","02904","401-960-8259","401-300-8122","bpugh@aol.com","http://www.alpenliteinc.com"
"Jamal","Vanausdal","Hubbard, Bruce Esq","53075 Sw 152nd Ter #615","Monroe Township","Middlesex","NJ","08831","732-234-1546","732-904-2931","jamal@vanausdal.org","http://www.hubbardbruceesq.com"
"Cecily","Hollack","Arthur A Oliver & Son Inc","59 N Groesbeck Hwy","Austin","Travis","TX",78731,"512-486-3817","512-861-3814","cecily@hollack.org","http://www.arthuraoliversoninc.com"
"Carmelina","Lindall","George Jessop Carter Jewelers","2664 Lewis Rd","Littleton","Douglas","CO",80126,"303-724-7371","303-874-5160","carmelina_lindall@lindall.com","http://www.georgejessopcarterjewelers.com"
"Maurine","Yglesias","Schultz, Thomas C Md","59 Shady Ln #53","Milwaukee","Milwaukee","WI",53214,"414-748-1374","414-573-7719","maurine_yglesias@yglesias.com","http://www.schultzthomascmd.com"
"Tawna","Buvens","H H H Enterprises Inc","3305 Nabell Ave #679","New York","New York","NY",10009,"212-674-9610","212-462-9157","tawna@gmail.com","http://www.hhhenterprisesinc.com"
"Penney","Weight","Hawaiian King Hotel","18 Fountain St","Anchorage","Anchorage","AK",99515,"907-797-9628","907-873-2882","penney_weight@aol.com","http://www.hawaiiankinghotel.com"
"Elly","Morocco","Killion Industries","7 W 32nd St","Erie","Erie","PA",16502,"814-393-5571","814-420-3553","elly_morocco@gmail.com","http://www.killionindustries.com"
"Ilene","Eroman","Robinson, William J Esq","2853 S Central Expy","Glen Burnie","Anne Arundel","MD",21061,"410-914-9018","410-937-4543","ilene.eroman@hotmail.com","http://www.robinsonwilliamjesq.com"
"Vallie","Mondella","Private Properties","74 W College St","Boise","Ada","ID",83707,"208-862-5339","208-737-8439","vmondella@mondella.com","http://www.privateproperties.com"
"Kallie","Blackwood","Rowley Schlimgen Inc","701 S Harrison Rd","San Francisco","San Francisco","CA",94104,"415-315-2761","415-604-7609","kallie.blackwood@gmail.com","http://www.rowleyschlimgeninc.com"
"Johnetta","Abdallah","Forging Specialties","1088 Pinehurst St","Chapel Hill","Orange","NC",27514,"919-225-9345","919-715-3791","johnetta_abdallah@aol.com","http://www.forgingspecialties.com"
"Bobbye","Rhym","Smits, Patricia Garity","30 W 80th St #1995","San Carlos","San Mateo","CA",94070,"650-528-5783","650-811-9032","brhym@rhym.com","http://www.smitspatriciagarity.com"
"Micaela","Rhymes","H Lee Leonard Attorney At Law","20932 Hedley St","Concord","Contra Costa","CA",94520,"925-647-3298","925-522-7798","micaela_rhymes@gmail.com","http://www.hleeleonardattorneyatlaw.com"
"Tamar","Hoogland","A K Construction Co","2737 Pistorio Rd #9230","London","Madison","OH",43140,"740-343-8575","740-526-5410","tamar@hotmail.com","http://www.akconstructionco.com"
"Moon","Parlato","Ambelang, Jessica M Md","74989 Brandon St","Wellsville","Allegany","NY",14895,"585-866-8313","585-498-4278","moon@yahoo.com","http://www.ambelangjessicammd.com"
"Laurel","Reitler","Q A Service","6 Kains Ave","Baltimore","Baltimore City","MD",21215,"410-520-4832","410-957-6903","laurel_reitler@reitler.com","http://www.qaservice.com"
"Delisa","Crupi","Wood & Whitacre Contractors","47565 W Grand Ave","Newark","Essex","NJ","07105","973-354-2040","973-847-9611","delisa.crupi@crupi.com","http://www.woodwhitacrecontractors.com"
"Viva","Toelkes","Mark Iv Press Ltd","4284 Dorigo Ln","Chicago","Cook","IL",60647,"773-446-5569","773-352-3437","viva.toelkes@gmail.com","http://www.markivpressltd.com"
"Elza","Lipke","Museum Of Science & Industry","6794 Lake Dr E","Newark","Essex","NJ","07104","973-927-3447","973-796-3667","elza@yahoo.com","http://www.museumofscienceindustry.com"
"Devorah","Chickering","Garrison Ind","31 Douglas Blvd #950","Clovis","Curry","NM",88101,"505-975-8559","505-950-1763","devorah@hotmail.com","http://www.garrisonind.com"
"Timothy","Mulqueen","Saronix Nymph Products","44 W 4th St","Staten Island","Richmond","NY",10309,"718-332-6527","718-654-7063","timothy_mulqueen@mulqueen.org","http://www.saronixnymphproducts.com"
"Arlette","Honeywell","Smc Inc","11279 Loytan St","Jacksonville","Duval","FL",32254,"904-775-4480","904-514-9918","ahoneywell@honeywell.com","http://www.smcinc.com"
"Dominque","Dickerson","E A I Electronic Assocs Inc","69 Marquette Ave","Hayward","Alameda","CA",94545,"510-993-3758","510-901-7640","dominque.dickerson@dickerson.org","http://www.eaielectronicassocsinc.com"
"Lettie","Isenhower","Conte, Christopher A Esq","70 W Main St","Beachwood","Cuyahoga","OH",44122,"216-657-7668","216-733-8494","lettie_isenhower@yahoo.com","http://www.contechristopheraesq.com"
"Myra","Munns","Anker Law Office","461 Prospect Pl #316","Euless","Tarrant","TX",76040,"817-914-7518","817-451-3518","mmunns@cox.net","http://www.ankerlawoffice.com"
"Stephaine","Barfield","Beutelschies & Company","47154 Whipple Ave Nw","Gardena","Los Angeles","CA",90247,"310-774-7643","310-968-1219","stephaine@barfield.com","http://www.beutelschiescompany.com"
"Lai","Gato","Fligg, Kenneth I Jr","37 Alabama Ave","Evanston","Cook","IL",60201,"847-728-7286","847-957-4614","lai.gato@gato.org","http://www.fliggkennethijr.com"
"Stephen","Emigh","Sharp, J Daniel Esq","3777 E Richmond St #900","Akron","Summit","OH",44302,"330-537-5358","330-700-2312","stephen_emigh@hotmail.com","http://www.sharpjdanielesq.com"
"Tyra","Shields","Assink, Anne H Esq","3 Fort Worth Ave","Philadelphia","Philadelphia","PA",19106,"215-255-1641","215-228-8264","tshields@gmail.com","http://www.assinkannehesq.com"
"Tammara","Wardrip","Jewel My Shop Inc","4800 Black Horse Pike","Burlingame","San Mateo","CA",94010,"650-803-1936","650-216-5075","twardrip@cox.net","http://www.jewelmyshopinc.com"
"Cory","Gibes","Chinese Translation Resources","83649 W Belmont Ave","San Gabriel","Los Angeles","CA",91776,"626-572-1096","626-696-2777","cory.gibes@gmail.com","http://www.chinesetranslationresources.com"
"Danica","Bruschke","Stevens, Charles T","840 15th Ave","Waco","McLennan","TX",76708,"254-782-8569","254-205-1422","danica_bruschke@gmail.com","http://www.stevenscharlest.com"
"Wilda","Giguere","Mclaughlin, Luther W Cpa","1747 Calle Amanecer #2","Anchorage","Anchorage","AK",99501,"907-870-5536","907-914-9482","wilda@cox.net","http://www.mclaughlinlutherwcpa.com"
"Elvera","Benimadho","Tree Musketeers","99385 Charity St #840","San Jose","Santa Clara","CA",95110,"408-703-8505","408-440-8447","elvera.benimadho@cox.net","http://www.treemusketeers.com"
"Carma","Vanheusen","Springfield Div Oh Edison Co","68556 Central Hwy","San Leandro","Alameda","CA",94577,"510-503-7169","510-452-4835","carma@cox.net","http://www.springfielddivohedisonco.com"
"Malinda","Hochard","Logan Memorial Hospital","55 Riverside Ave","Indianapolis","Marion","IN",46202,"317-722-5066","317-472-2412","malinda.hochard@yahoo.com","http://www.loganmemorialhospital.com"
"Natalie","Fern","Kelly, Charles G Esq","7140 University Ave","Rock Springs","Sweetwater","WY",82901,"307-704-8713","307-279-3793","natalie.fern@hotmail.com","http://www.kellycharlesgesq.com"
"Lisha","Centini","Industrial Paper Shredders Inc","64 5th Ave #1153","Mc Lean","Fairfax","VA",22102,"703-235-3937","703-475-7568","lisha@centini.org","http://www.industrialpapershreddersinc.com"
"Arlene","Klusman","Beck Horizon Builders","3 Secor Rd","New Orleans","Orleans","LA",70112,"504-710-5840","504-946-1807","arlene_klusman@gmail.com","http://www.beckhorizonbuilders.com"
"Alease","Buemi","Porto Cayo At Hawks Cay","4 Webbs Chapel Rd","Boulder","Boulder","CO",80303,"303-301-4946","303-521-9860","alease@buemi.com","http://www.portocayoathawkscay.com"
"Louisa","Cronauer","Pacific Grove Museum Ntrl Hist","524 Louisiana Ave Nw","San Leandro","Alameda","CA",94577,"510-828-7047","510-472-7758","louisa@cronauer.com","http://www.pacificgrovemuseumntrlhist.com"
"Angella","Cetta","Bender & Hatley Pc","185 Blackstone Bldge","Honolulu","Honolulu","HI",96817,"808-892-7943","808-475-2310","angella.cetta@hotmail.com","http://www.benderhatleypc.com"
"Cyndy","Goldammer","Di Cristina J & Son","170 Wyoming Ave","Burnsville","Dakota","MN",55337,"952-334-9408","952-938-9457","cgoldammer@cox.net","http://www.dicristinajson.com"
"Rosio","Cork","Green Goddess","4 10th St W","High Point","Guilford","NC",27263,"336-243-5659","336-497-4407","rosio.cork@gmail.com","http://www.greengoddess.com"
"Celeste","Korando","American Arts & Graphics","7 W Pinhook Rd","Lynbrook","Nassau","NY",11563,"516-509-2347","516-365-7266","ckorando@hotmail.com","http://www.americanartsgraphics.com"
"Twana","Felger","Opryland Hotel","1 Commerce Way","Portland","Washington","OR",97224,"503-939-3153","503-909-7167","twana.felger@felger.org","http://www.oprylandhotel.com"
"Estrella","Samu","Marking Devices Pubg Co","64 Lakeview Ave","Beloit","Rock","WI",53511,"608-976-7199","608-942-8836","estrella@aol.com","http://www.markingdevicespubgco.com"
"Donte","Kines","W Tc Industries Inc","3 Aspen St","Worcester","Worcester","MA","01602","508-429-8576","508-843-1426","dkines@hotmail.com","http://www.wtcindustriesinc.com"
"Tiffiny","Steffensmeier","Whitehall Robbins Labs Divsn","32860 Sierra Rd","Miami","Miami-Dade","FL",33133,"305-385-9695","305-304-6573","tiffiny_steffensmeier@cox.net","http://www.whitehallrobbinslabsdivsn.com"
"Edna","Miceli","Sampler","555 Main St","Erie","Erie","PA",16502,"814-460-2655","814-299-2877","emiceli@miceli.org","http://www.sampler.com"
"Sue","Kownacki","Juno Chefs Incorporated","2 Se 3rd Ave","Mesquite","Dallas","TX",75149,"972-666-3413","972-742-4000","sue@aol.com","http://www.junochefsincorporated.com"
"Jesusa","Shin","Carroccio, A Thomas Esq","2239 Shawnee Mission Pky","Tullahoma","Coffee","TN",37388,"931-273-8709","931-739-1551","jshin@shin.com","http://www.carroccioathomasesq.com"
"Rolland","Francescon","Stanley, Richard L Esq","2726 Charcot Ave","Paterson","Passaic","NJ","07501","973-649-2922","973-284-4048","rolland@cox.net","http://www.stanleyrichardlesq.com"
"Pamella","Schmierer","K Cs Cstm Mouldings Windows","5161 Dorsett Rd","Homestead","Miami-Dade","FL",33030,"305-420-8970","305-575-8481","pamella.schmierer@schmierer.org","http://www.kcscstmmouldingswindows.com"
"Glory","Kulzer","Comfort Inn","55892 Jacksonville Rd","Owings Mills","Baltimore","MD",21117,"410-224-9462","410-916-8015","gkulzer@kulzer.org","http://www.comfortinn.com"
"Shawna","Palaspas","Windsor, James L Esq","5 N Cleveland Massillon Rd","Thousand Oaks","Ventura","CA",91362,"805-275-3566","805-638-6617","shawna_palaspas@palaspas.org","http://www.windsorjameslesq.com"
"Brandon","Callaro","Jackson Shields Yeiser","7 Benton Dr","Honolulu","Honolulu","HI",96819,"808-215-6832","808-240-5168","brandon_callaro@hotmail.com","http://www.jacksonshieldsyeiser.com"
"Scarlet","Cartan","Box, J Calvin Esq","9390 S Howell Ave","Albany","Dougherty","GA",31701,"229-735-3378","229-365-9658","scarlet.cartan@yahoo.com","http://www.boxjcalvinesq.com"
"Oretha","Menter","Custom Engineering Inc","8 County Center Dr #647","Boston","Suffolk","MA","02210","617-418-5043","617-697-6024","oretha_menter@yahoo.com","http://www.customengineeringinc.com"
"Ty","Smith","Bresler Eitel Framg Gllry Ltd","4646 Kaahumanu St","Hackensack","Bergen","NJ","07601","201-672-1553","201-995-3149","tsmith@aol.com","http://www.breslereitelframggllryltd.com"
"Xuan","Rochin","Carol, Drake Sparks Esq","2 Monroe St","San Mateo","San Mateo","CA",94403,"650-933-5072","650-247-2625","xuan@gmail.com","http://www.caroldrakesparksesq.com"
"Lindsey","Dilello","Biltmore Investors Bank","52777 Leaders Heights Rd","Ontario","San Bernardino","CA",91761,"909-639-9887","909-589-1693","lindsey.dilello@hotmail.com","http://www.biltmoreinvestorsbank.com"
"Devora","Perez","Desco Equipment Corp","72868 Blackington Ave","Oakland","Alameda","CA",94606,"510-955-3016","510-755-9274","devora_perez@perez.org","http://www.descoequipmentcorp.com"
"Herman","Demesa","Merlin Electric Co","9 Norristown Rd","Troy","Rensselaer","NY",12180,"518-497-2940","518-931-7852","hdemesa@cox.net","http://www.merlinelectricco.com"
"Rory","Papasergi","Bailey Cntl Co Div Babcock","83 County Road 437 #8581","Clarks Summit","Lackawanna","PA",18411,"570-867-7489","570-469-8401","rpapasergi@cox.net","http://www.baileycntlcodivbabcock.com"
"Talia","Riopelle","Ford Brothers Wholesale Inc","1 N Harlem Ave #9","Orange","Essex","NJ","07050","973-245-2133","973-818-9788","talia_riopelle@aol.com","http://www.fordbrotherswholesaleinc.com"
"Van","Shire","Cambridge Inn","90131 J St","Pittstown","Hunterdon","NJ","08867","908-409-2890","908-448-1209","van.shire@shire.com","http://www.cambridgeinn.com"
"Lucina","Lary","Matricciani, Albert J Jr","8597 W National Ave","Cocoa","Brevard","FL",32922,"321-749-4981","321-632-4668","lucina_lary@cox.net","http://www.matriccianialbertjjr.com"
"Bok","Isaacs","Nelson Hawaiian Ltd","6 Gilson St","Bronx","Bronx","NY",10468,"718-809-3762","718-478-8568","bok.isaacs@aol.com","http://www.nelsonhawaiianltd.com"
"Rolande","Spickerman","Neland Travel Agency","65 W Maple Ave","Pearl City","Honolulu","HI",96782,"808-315-3077","808-526-5863","rolande.spickerman@spickerman.com","http://www.nelandtravelagency.com"
"Howard","Paulas","Asendorf, J Alan Esq","866 34th Ave","Denver","Denver","CO",80231,"303-623-4241","303-692-3118","hpaulas@gmail.com","http://www.asendorfjalanesq.com"
"Kimbery","Madarang","Silberman, Arthur L Esq","798 Lund Farm Way","Rockaway","Morris","NJ","07866","973-310-1634","973-225-6259","kimbery_madarang@cox.net","http://www.silbermanarthurlesq.com"
"Thurman","Manno","Honey Bee Breeding Genetics &","9387 Charcot Ave","Absecon","Atlantic","NJ","08201","609-524-3586","609-234-8376","thurman.manno@yahoo.com","http://www.honeybeebreedinggenetics.com"
"Becky","Mirafuentes","Wells Kravitz Schnitzer","30553 Washington Rd","Plainfield","Union","NJ","07062","908-877-8409","908-426-8272","becky.mirafuentes@mirafuentes.com","http://www.wellskravitzschnitzer.com"
"Beatriz","Corrington","Prohab Rehabilitation Servs","481 W Lemon St","Middleboro","Plymouth","MA","02346","508-584-4279","508-315-3867","beatriz@yahoo.com","http://www.prohabrehabilitationservs.com"
"Marti","Maybury","Eldridge, Kristin K Esq","4 Warehouse Point Rd #7","Chicago","Cook","IL",60638,"773-775-4522","773-539-1058","marti.maybury@yahoo.com","http://www.eldridgekristinkesq.com"
"Nieves","Gotter","Vlahos, John J Esq","4940 Pulaski Park Dr","Portland","Multnomah","OR",97202,"503-527-5274","503-455-3094","nieves_gotter@gmail.com","http://www.vlahosjohnjesq.com"
"Leatha","Hagele","Ninas Indian Grs & Videos","627 Walford Ave","Dallas","Dallas","TX",75227,"214-339-1809","214-225-5850","lhagele@cox.net","http://www.ninasindiangrsvideos.com"
"Valentin","Klimek","Schmid, Gayanne K Esq","137 Pioneer Way","Chicago","Cook","IL",60604,"312-303-5453","312-512-2338","vklimek@klimek.org","http://www.schmidgayannekesq.com"
"Melissa","Wiklund","Moapa Valley Federal Credit Un","61 13 Stoneridge #835","Findlay","Hancock","OH",45840,"419-939-3613","419-254-4591","melissa@cox.net","http://www.moapavalleyfederalcreditun.com"
"Sheridan","Zane","Kentucky Tennessee Clay Co","2409 Alabama Rd","Riverside","Riverside","CA",92501,"951-645-3605","951-248-6822","sheridan.zane@zane.com","http://www.kentuckytennesseeclayco.com"
"Bulah","Padilla","Admiral Party Rentals & Sales","8927 Vandever Ave","Waco","McLennan","TX",76707,"254-463-4368","254-816-8417","bulah_padilla@hotmail.com","http://www.admiralpartyrentalssales.com"
"Audra","Kohnert","Nelson, Karolyn King Esq","134 Lewis Rd","Nashville","Davidson","TN",37211,"615-406-7854","615-448-9249","audra@kohnert.com","http://www.nelsonkarolynkingesq.com"
"Daren","Weirather","Panasystems","9 N College Ave #3","Milwaukee","Milwaukee","WI",53216,"414-959-2540","414-838-3151","dweirather@aol.com","http://www.panasystems.com"
"Fernanda","Jillson","Shank, Edward L Esq","60480 Old Us Highway 51","Preston","Caroline","MD",21655,"410-387-5260","410-724-6472","fjillson@aol.com","http://www.shankedwardlesq.com"
"Gearldine","Gellinger","Megibow & Edwards","4 Bloomfield Ave","Irving","Dallas","TX",75061,"972-934-6914","972-821-7118","gearldine_gellinger@gellinger.com","http://www.megibowedwards.com"
"Chau","Kitzman","Benoff, Edward Esq","429 Tiger Ln","Beverly Hills","Los Angeles","CA",90212,"310-560-8022","310-969-7230","chau@gmail.com","http://www.benoffedwardesq.com"
"Theola","Frey","Woodbridge Free Public Library","54169 N Main St","Massapequa","Nassau","NY",11758,"516-948-5768","516-357-3362","theola_frey@frey.com","http://www.woodbridgefreepubliclibrary.com"
"Cheryl","Haroldson","New York Life John Thune","92 Main St","Atlantic City","Atlantic","NJ","08401","609-518-7697","609-263-9243","cheryl@haroldson.org","http://www.newyorklifejohnthune.com"
"Laticia","Merced","Alinabal Inc","72 Mannix Dr","Cincinnati","Hamilton","OH",45203,"513-508-7371","513-418-1566","lmerced@gmail.com","http://www.alinabalinc.com"
"Carissa","Batman","Poletto, Kim David Esq","12270 Caton Center Dr","Eugene","Lane","OR",97401,"541-326-4074","541-801-5717","carissa.batman@yahoo.com","http://www.polettokimdavidesq.com"
"Lezlie","Craghead","Chang, Carolyn Esq","749 W 18th St #45","Smithfield","Johnston","NC",27577,"919-533-3762","919-885-2453","lezlie.craghead@craghead.org","http://www.changcarolynesq.com"
"Ozell","Shealy","Silver Bros Inc","8 Industry Ln","New York","New York","NY",10002,"212-332-8435","212-880-8865","oshealy@hotmail.com","http://www.silverbrosinc.com"
"Arminda","Parvis","Newtec Inc","1 Huntwood Ave","Phoenix","Maricopa","AZ",85017,"602-906-9419","602-277-3025","arminda@parvis.com","http://www.newtecinc.com"
"Reita","Leto","Creative Business Systems","55262 N French Rd","Indianapolis","Marion","IN",46240,"317-234-1135","317-787-5514","reita.leto@gmail.com","http://www.creativebusinesssystems.com"
"Yolando","Luczki","Dal Tile Corporation","422 E 21st St","Syracuse","Onondaga","NY",13214,"315-304-4759","315-640-6357","yolando@cox.net","http://www.daltilecorporation.com"
"Lizette","Stem","Edward S Katz","501 N 19th Ave","Cherry Hill","Camden","NJ","08002","856-487-5412","856-702-3676","lizette.stem@aol.com","http://www.edwardskatz.com"
"Gregoria","Pawlowicz","Oh My Goodknits Inc","455 N Main Ave","Garden City","Nassau","NY",11530,"516-212-1915","516-376-4230","gpawlowicz@yahoo.com","http://www.ohmygoodknitsinc.com"
"Carin","Deleo","Redeker, Debbie","1844 Southern Blvd","Little Rock","Pulaski","AR",72202,"501-308-1040","501-409-6072","cdeleo@deleo.com","http://www.redekerdebbie.com"
"Chantell","Maynerich","Desert Sands Motel","2023 Greg St","Saint Paul","Ramsey","MN",55101,"651-591-2583","651-776-9688","chantell@yahoo.com","http://www.desertsandsmotel.com"
"Dierdre","Yum","Cummins Southern Plains Inc","63381 Jenks Ave","Philadelphia","Philadelphia","PA",19134,"215-325-3042","215-346-4666","dyum@yahoo.com","http://www.cumminssouthernplainsinc.com"
"Larae","Gudroe","Lehigh Furn Divsn Lehigh","6651 Municipal Rd","Houma","Terrebonne","LA",70360,"985-890-7262","985-261-5783","larae_gudroe@gmail.com","http://www.lehighfurndivsnlehigh.com"
"Latrice","Tolfree","United Van Lines Agent","81 Norris Ave #525","Ronkonkoma","Suffolk","NY",11779,"631-957-7624","631-998-2102","latrice.tolfree@hotmail.com","http://www.unitedvanlinesagent.com"
"Kerry","Theodorov","Capitol Reporters","6916 W Main St","Sacramento","Sacramento","CA",95827,"916-591-3277","916-770-7448","kerry.theodorov@gmail.com","http://www.capitolreporters.com"
"Dorthy","Hidvegi","Kwik Kopy Printing","9635 S Main St","Boise","Ada","ID",83704,"208-649-2373","208-690-3315","dhidvegi@yahoo.com","http://www.kwikkopyprinting.com"
"Fannie","Lungren","Centro Inc","17 Us Highway 111","Round Rock","Williamson","TX",78664,"512-587-5746","512-528-9933","fannie.lungren@yahoo.com","http://www.centroinc.com"
"Evangelina","Radde","Campbell, Jan Esq","992 Civic Center Dr","Philadelphia","Philadelphia","PA",19123,"215-964-3284","215-417-5612","evangelina@aol.com","http://www.campbelljanesq.com"
"Novella","Degroot","Evans, C Kelly Esq","303 N Radcliffe St","Hilo","Hawaii","HI",96720,"808-477-4775","808-746-1865","novella_degroot@degroot.org","http://www.evansckellyesq.com"
"Clay","Hoa","Scat Enterprises","73 Saint Ann St #86","Reno","Washoe","NV",89502,"775-501-8109","775-848-9135","choa@hoa.org","http://www.scatenterprises.com"
"Jennifer","Fallick","Nagle, Daniel J Esq","44 58th St","Wheeling","Cook","IL",60090,"847-979-9545","847-800-3054","jfallick@yahoo.com","http://www.nagledanieljesq.com"
"Irma","Wolfgramm","Serendiquity Bed & Breakfast","9745 W Main St","Randolph","Morris","NJ","07869","973-545-7355","973-868-8660","irma.wolfgramm@hotmail.com","http://www.serendiquitybedbreakfast.com"
"Eun","Coody","Ray Carolyne Realty","84 Bloomfield Ave","Spartanburg","Spartanburg","SC",29301,"864-256-3620","864-594-4578","eun@yahoo.com","http://www.raycarolynerealty.com"
"Sylvia","Cousey","Berg, Charles E","287 Youngstown Warren Rd","Hampstead","Carroll","MD",21074,"410-209-9545","410-863-8263","sylvia_cousey@cousey.org","http://www.bergcharlese.com"
"Nana","Wrinkles","Ray, Milbern D","6 Van Buren St","Mount Vernon","Westchester","NY",10553,"914-855-2115","914-796-3775","nana@aol.com","http://www.raymilbernd.com"
"Layla","Springe","Chadds Ford Winery","229 N Forty Driv","New York","New York","NY",10011,"212-260-3151","212-253-7448","layla.springe@cox.net","http://www.chaddsfordwinery.com"
"Joesph","Degonia","A R Packaging","2887 Knowlton St #5435","Berkeley","Alameda","CA",94710,"510-677-9785","510-942-5916","joesph_degonia@degonia.org","http://www.arpackaging.com"
"Annabelle","Boord","Corn Popper","523 Marquette Ave","Concord","Middlesex","MA","01742","978-697-6263","978-289-7717","annabelle.boord@cox.net","http://www.cornpopper.com"
"Stephaine","Vinning","Birite Foodservice Distr","3717 Hamann Industrial Pky","San Francisco","San Francisco","CA",94104,"415-767-6596","415-712-9530","stephaine@cox.net","http://www.biritefoodservicedistr.com"
"Nelida","Sawchuk","Anchorage Museum Of Hist & Art","3 State Route 35 S","Paramus","Bergen","NJ","07652","201-971-1638","201-247-8925","nelida@gmail.com","http://www.anchoragemuseumofhistart.com"
"Marguerita","Hiatt","Haber, George D Md","82 N Highway 67","Oakley","Contra Costa","CA",94561,"925-634-7158","925-541-8521","marguerita.hiatt@gmail.com","http://www.habergeorgedmd.com"
"Carmela","Cookey","Royal Pontiac Olds Inc","9 Murfreesboro Rd","Chicago","Cook","IL",60623,"773-494-4195","773-297-9391","ccookey@cookey.org","http://www.royalpontiacoldsinc.com"
"Junita","Brideau","Leonards Antiques Inc","6 S Broadway St","Cedar Grove","Essex","NJ","07009","973-943-3423","973-582-5469","jbrideau@aol.com","http://www.leonardsantiquesinc.com"
"Claribel","Varriano","Meca","6 Harry L Dr #6327","Perrysburg","Wood","OH",43551,"419-544-4900","419-573-2033","claribel_varriano@cox.net","http://www.meca.com"
"Benton","Skursky","Nercon Engineering & Mfg Inc","47939 Porter Ave","Gardena","Los Angeles","CA",90248,"310-579-2907","310-694-8466","benton.skursky@aol.com","http://www.nerconengineeringmfginc.com"
"Hillary","Skulski","Replica I","9 Wales Rd Ne #914","Homosassa","Citrus","FL",34448,"352-242-2570","352-990-5946","hillary.skulski@aol.com","http://www.replicai.com"
"Merilyn","Bayless","20 20 Printing Inc","195 13n N","Santa Clara","Santa Clara","CA",95054,"408-758-5015","408-346-2180","merilyn_bayless@cox.net","http://www.printinginc.com"
"Teri","Ennaco","Publishers Group West","99 Tank Farm Rd","Hazleton","Luzerne","PA",18201,"570-889-5187","570-355-1665","tennaco@gmail.com","http://www.publishersgroupwest.com"
"Merlyn","Lawler","Nischwitz, Jeffrey L Esq","4671 Alemany Blvd","Jersey City","Hudson","NJ","07304","201-588-7810","201-858-9960","merlyn_lawler@hotmail.com","http://www.nischwitzjeffreylesq.com"
"Georgene","Montezuma","Payne Blades & Wellborn Pa","98 University Dr","San Ramon","Contra Costa","CA",94583,"925-615-5185","925-943-3449","gmontezuma@cox.net","http://www.paynebladeswellbornpa.com"
"Jettie","Mconnell","Coldwell Bnkr Wright Real Est","50 E Wacker Dr","Bridgewater","Somerset","NJ","08807","908-802-3564","908-602-5258","jmconnell@hotmail.com","http://www.coldwellbnkrwrightrealest.com"
"Lemuel","Latzke","Computer Repair Service","70 Euclid Ave #722","Bohemia","Suffolk","NY",11716,"631-748-6479","631-291-4976","lemuel.latzke@gmail.com","http://www.computerrepairservice.com"
"Melodie","Knipp","Fleetwood Building Block Inc","326 E Main St #6496","Thousand Oaks","Ventura","CA",91362,"805-690-1682","805-810-8964","mknipp@gmail.com","http://www.fleetwoodbuildingblockinc.com"
"Candida","Corbley","Colts Neck Medical Assocs Inc","406 Main St","Somerville","Somerset","NJ","08876","908-275-8357","908-943-6103","candida_corbley@hotmail.com","http://www.coltsneckmedicalassocsinc.com"
"Karan","Karpin","New England Taxidermy","3 Elmwood Dr","Beaverton","Washington","OR",97005,"503-940-8327","503-707-5812","karan_karpin@gmail.com","http://www.newenglandtaxidermy.com"
"Andra","Scheyer","Ludcke, George O Esq","9 Church St","Salem","Marion","OR",97302,"503-516-2189","503-950-3068","andra@gmail.com","http://www.ludckegeorgeoesq.com"
"Felicidad","Poullion","Mccorkle, Tom S Esq","9939 N 14th St","Riverton","Burlington","NJ","08077","856-305-9731","856-828-6021","fpoullion@poullion.com","http://www.mccorkletomsesq.com"
"Belen","Strassner","Eagle Software Inc","5384 Southwyck Blvd","Douglasville","Douglas","GA",30135,"770-507-8791","770-802-4003","belen_strassner@aol.com","http://www.eaglesoftwareinc.com"
"Gracia","Melnyk","Juvenile & Adult Super","97 Airport Loop Dr","Jacksonville","Duval","FL",32216,"904-235-3633","904-627-4341","gracia@melnyk.com","http://www.juvenileadultsuper.com"
"Jolanda","Hanafan","Perez, Joseph J Esq","37855 Nolan Rd","Bangor","Penobscot","ME","04401","207-458-9196","207-233-6185","jhanafan@gmail.com","http://www.perezjosephjesq.com"
"Barrett","Toyama","Case Foundation Co","4252 N Washington Ave #9","Kennedale","Tarrant","TX",76060,"817-765-5781","817-577-6151","barrett.toyama@toyama.org","http://www.casefoundationco.com"
"Helga","Fredicks","Eis Environmental Engrs Inc","42754 S Ash Ave","Buffalo","Erie","NY",14228,"716-752-4114","716-854-9845","helga_fredicks@yahoo.com","http://www.eisenvironmentalengrsinc.com"
"Ashlyn","Pinilla","Art Crafters","703 Beville Rd","Opa Locka","Miami-Dade","FL",33054,"305-670-9628","305-857-5489","apinilla@cox.net","http://www.artcrafters.com"
"Fausto","Agramonte","Marriott Hotels Resorts Suites","5 Harrison Rd","New York","New York","NY",10038,"212-313-1783","212-778-3063","fausto_agramonte@yahoo.com","http://www.marriotthotelsresortssuites.com"
"Ronny","Caiafa","Remaco Inc","73 Southern Blvd","Philadelphia","Philadelphia","PA",19103,"215-605-7570","215-511-3531","ronny.caiafa@caiafa.org","http://www.remacoinc.com"
"Marge","Limmel","Bjork, Robert D Jr","189 Village Park Rd","Crestview","Okaloosa","FL",32536,"850-430-1663","850-330-8079","marge@gmail.com","http://www.bjorkrobertdjr.com"
"Norah","Waymire","Carmichael, Jeffery L Esq","6 Middlegate Rd #106","San Francisco","San Francisco","CA",94107,"415-306-7897","415-874-2984","norah.waymire@gmail.com","http://www.carmichaeljefferylesq.com"
"Aliza","Baltimore","Andrews, J Robert Esq","1128 Delaware St","San Jose","Santa Clara","CA",95132,"408-504-3552","408-425-1994","aliza@aol.com","http://www.andrewsjrobertesq.com"
"Mozell","Pelkowski","Winship & Byrne","577 Parade St","South San Francisco","San Mateo","CA",94080,"650-947-1215","650-960-1069","mpelkowski@pelkowski.org","http://www.winshipbyrne.com"
"Viola","Bitsuie","Burton & Davis","70 Mechanic St","Northridge","Los Angeles","CA",91325,"818-864-4875","818-481-5787","viola@gmail.com","http://www.burtondavis.com"
"Franklyn","Emard","Olympic Graphic Arts","4379 Highway 116","Philadelphia","Philadelphia","PA",19103,"215-558-8189","215-483-3003","femard@emard.com","http://www.olympicgraphicarts.com"
"Willodean","Konopacki","Magnuson","55 Hawthorne Blvd","Lafayette","Lafayette","LA",70506,"337-253-8384","337-774-7564","willodean_konopacki@konopacki.org","http://www.magnuson.com"
"Beckie","Silvestrini","A All American Travel Inc","7116 Western Ave","Dearborn","Wayne","MI",48126,"313-533-4884","313-390-7855","beckie.silvestrini@silvestrini.com","http://www.aallamericantravelinc.com"
"Rebecka","Gesick","Polykote Inc","2026 N Plankinton Ave #3","Austin","Travis","TX",78754,"512-213-8574","512-693-8345","rgesick@gesick.org","http://www.polykoteinc.com"
"Frederica","Blunk","Jets Cybernetics","99586 Main St","Dallas","Dallas","TX",75207,"214-428-2285","214-529-1949","frederica_blunk@gmail.com","http://www.jetscybernetics.com"
"Glen","Bartolet","Metlab Testing Services","8739 Hudson St","Vashon","King","WA",98070,"206-697-5796","206-389-1482","glen_bartolet@hotmail.com","http://www.metlabtestingservices.com"
"Freeman","Gochal","Kellermann, William T Esq","383 Gunderman Rd #197","Coatesville","Chester","PA",19320,"610-476-3501","610-752-2683","freeman_gochal@aol.com","http://www.kellermannwilliamtesq.com"
"Vincent","Meinerding","Arturi, Peter D Esq","4441 Point Term Mkt","Philadelphia","Philadelphia","PA",19143,"215-372-1718","215-829-4221","vincent.meinerding@hotmail.com","http://www.arturipeterdesq.com"
"Rima","Bevelacqua","Mcauley Mfg Co","2972 Lafayette Ave","Gardena","Los Angeles","CA",90248,"310-858-5079","310-499-4200","rima@cox.net","http://www.mcauleymfgco.com"
"Glendora","Sarbacher","Defur Voran Hanley Radcliff","2140 Diamond Blvd","Rohnert Park","Sonoma","CA",94928,"707-653-8214","707-881-3154","gsarbacher@gmail.com","http://www.defurvoranhanleyradcliff.com"
"Avery","Steier","Dill Dill Carr & Stonbraker Pc","93 Redmond Rd #492","Orlando","Orange","FL",32803,"407-808-9439","407-945-8566","avery@cox.net","http://www.dilldillcarrstonbrakerpc.com"
"Cristy","Lother","Kleensteel","3989 Portage Tr","Escondido","San Diego","CA",92025,"760-971-4322","760-465-4762","cristy@lother.com","http://www.kleensteel.com"
"Nicolette","Brossart","Goulds Pumps Inc Slurry Pump","1 Midway Rd","Westborough","Worcester","MA","01581","508-837-9230","508-504-6388","nicolette_brossart@brossart.com","http://www.gouldspumpsincslurrypump.com"
"Tracey","Modzelewski","Kansas City Insurance Report","77132 Coon Rapids Blvd Nw","Conroe","Montgomery","TX",77301,"936-264-9294","936-988-8171","tracey@hotmail.com","http://www.kansascityinsurancereport.com"
"Virgina","Tegarden","Berhanu International Foods","755 Harbor Way","Milwaukee","Milwaukee","WI",53226,"414-214-8697","414-411-5744","virgina_tegarden@tegarden.com","http://www.berhanuinternationalfoods.com"
"Tiera","Frankel","Roland Ashcroft","87 Sierra Rd","El Monte","Los Angeles","CA",91731,"626-636-4117","626-638-4241","tfrankel@aol.com","http://www.rolandashcroft.com"
"Alaine","Bergesen","Hispanic Magazine","7667 S Hulen St #42","Yonkers","Westchester","NY",10701,"914-300-9193","914-654-1426","alaine_bergesen@cox.net","http://www.hispanicmagazine.com"
"Earleen","Mai","Little Sheet Metal Co","75684 S Withlapopka Dr #32","Dallas","Dallas","TX",75227,"214-289-1973","214-785-6750","earleen_mai@cox.net","http://www.littlesheetmetalco.com"
"Leonida","Gobern","Holmes, Armstead J Esq","5 Elmwood Park Blvd","Biloxi","Harrison","MS",39530,"228-235-5615","228-432-4635","leonida@gobern.org","http://www.holmesarmsteadjesq.com"
"Ressie","Auffrey","Faw, James C Cpa","23 Palo Alto Sq","Miami","Miami-Dade","FL",33134,"305-604-8981","305-287-4743","ressie.auffrey@yahoo.com","http://www.fawjamesccpa.com"
"Justine","Mugnolo","Evans Rule Company","38062 E Main St","New York","New York","NY",10048,"212-304-9225","212-311-6377","jmugnolo@yahoo.com","http://www.evansrulecompany.com"
"Eladia","Saulter","Tyee Productions Inc","3958 S Dupont Hwy #7","Ramsey","Bergen","NJ","07446","201-474-4924","201-365-8698","eladia@saulter.com","http://www.tyeeproductionsinc.com"
"Chaya","Malvin","Dunnells & Duvall","560 Civic Center Dr","Ann Arbor","Washtenaw","MI",48103,"734-928-5182","734-408-8174","chaya@malvin.com","http://www.dunnellsduvall.com"
"Gwenn","Suffield","Deltam Systems Inc","3270 Dequindre Rd","Deer Park","Suffolk","NY",11729,"631-258-6558","631-295-9879","gwenn_suffield@suffield.org","http://www.deltamsystemsinc.com"
"Salena","Karpel","Hammill Mfg Co","1 Garfield Ave #7","Canton","Stark","OH",44707,"330-791-8557","330-618-2579","skarpel@cox.net","http://www.hammillmfgco.com"
"Yoko","Fishburne","Sams Corner Store","9122 Carpenter Ave","New Haven","New Haven","CT","06511","203-506-4706","203-840-8634","yoko@fishburne.com","http://www.samscornerstore.com"
"Taryn","Moyd","Siskin, Mark J Esq","48 Lenox St","Fairfax","Fairfax City","VA",22030,"703-322-4041","703-938-7939","taryn.moyd@hotmail.com","http://www.siskinmarkjesq.com"
"Katina","Polidori","Cape & Associates Real Estate","5 Little River Tpke","Wilmington","Middlesex","MA","01887","978-626-2978","978-679-7429","katina_polidori@aol.com","http://www.capeassociatesrealestate.com"
"Rickie","Plumer","Merrill Lynch","3 N Groesbeck Hwy","Toledo","Lucas","OH",43613,"419-693-1334","419-313-5571","rickie.plumer@aol.com","http://www.merrilllynch.com"
"Alex","Loader","Sublett, Scott Esq","37 N Elm St #916","Tacoma","Pierce","WA",98409,"253-660-7821","253-875-9222","alex@loader.com","http://www.sublettscottesq.com"
"Lashon","Vizarro","Sentry Signs","433 Westminster Blvd #590","Roseville","Placer","CA",95661,"916-741-7884","916-289-4526","lashon@aol.com","http://www.sentrysigns.com"
"Lauran","Burnard","Professionals Unlimited","66697 Park Pl #3224","Riverton","Fremont","WY",82501,"307-342-7795","307-453-7589","lburnard@burnard.com","http://www.professionalsunlimited.com"
"Ceola","Setter","Southern Steel Shelving Co","96263 Greenwood Pl","Warren","Knox","ME","04864","207-627-7565","207-297-5029","ceola.setter@setter.org","http://www.southernsteelshelvingco.com"
"My","Rantanen","Bosco, Paul J","8 Mcarthur Ln","Richboro","Bucks","PA",18954,"215-491-5633","215-647-2158","my@hotmail.com","http://www.boscopaulj.com"
"Lorrine","Worlds","Longo, Nicholas J Esq","8 Fair Lawn Ave","Tampa","Hillsborough","FL",33614,"813-769-2939","813-863-6467","lorrine.worlds@worlds.com","http://www.longonicholasjesq.com"
"Peggie","Sturiale","Henry County Middle School","9 N 14th St","El Cajon","San Diego","CA",92020,"619-608-1763","619-695-8086","peggie@cox.net","http://www.henrycountymiddleschool.com"
"Marvel","Raymo","Edison Supply & Equipment Co","9 Vanowen St","College Station","Brazos","TX",77840,"979-718-8968","979-809-5770","mraymo@yahoo.com","http://www.edisonsupplyequipmentco.com"
"Daron","Dinos","Wolf, Warren R Esq","18 Waterloo Geneva Rd","Highland Park","Lake","IL",60035,"847-233-3075","847-265-6609","daron_dinos@cox.net","http://www.wolfwarrenresq.com"
"An","Fritz","Linguistic Systems Inc","506 S Hacienda Dr","Atlantic City","Atlantic","NJ","08401","609-228-5265","609-854-7156","an_fritz@hotmail.com","http://www.linguisticsystemsinc.com"
"Portia","Stimmel","Peace Christian Center","3732 Sherman Ave","Bridgewater","Somerset","NJ","08807","908-722-7128","908-670-4712","portia.stimmel@aol.com","http://www.peacechristiancenter.com"